ModelID,ModelName,BusinessArea,Description,ModelType,Algorithm,DataType,DataSource,InputVariables,OutputPrediction,PerformanceMetric,Deployment,Frequency,Complexity,MaintenanceEffort,TrainingTime,Compliance,Scalability,Vendor,Comments
1,Credit Scoring Model,Credit Risk,"Predicts customer creditworthiness","Classification","Logistic Regression","Structured","CRM & Financial Data","Income, Credit History, Debt","Credit Score","AUC","Cloud","Batch","Low","Low","Hours","Yes","High","scikit-learn","Widely used for lending decisions"
2,Fraud Detection Model,Security,"Detects anomalous transactions","Anomaly Detection","Random Forest","Structured","Transaction Logs","Transaction Amount, Location, Time","Fraud Flag","Precision/Recall","Cloud","Real-time","Medium","Medium","Hours","Yes","High","TensorFlow","Helps reduce false positives"
3,Risk Assessment Model,Risk Management,"Evaluates overall risk profile","Regression","Gradient Boosting","Structured","Internal Reports, Market Data","Market Volatility, Financial Ratios","Risk Score","RMSE","On-premise","Batch","High","High","Days","Yes","Medium","XGBoost","Critical for investment decisions"
4,Customer Segmentation Model,Marketing,"Segments customers into distinct groups","Clustering","K-Means","Structured","Customer Data","Demographics, Spending Behavior","Segment Labels","Silhouette Score","Cloud","Batch","Low","Low","Hours","No","High","scikit-learn","Used for targeted marketing"
5,Algorithmic Trading Model,Trading,"Executes trades based on predictive signals","Time Series Forecasting","LSTM Neural Network","Time Series","Market Data Feeds","Price, Volume, Indicators","Trade Signals","Sharpe Ratio","Cloud","Real-time","High","High","Days","Yes","High","Keras","Requires low latency execution"
6,Portfolio Optimization Model,Investment,"Optimizes asset allocation","Optimization","Mean-Variance Optimization","Structured","Historical Returns","Asset Returns, Volatility","Optimal Weights","Sharpe Ratio","On-premise","Batch","Medium","Medium","Hours","Yes","Medium","CVXOPT","Balances risk and return"
7,Market Sentiment Analysis,Research,"Analyzes sentiment from news and social media","NLP Classification","BERT","Unstructured","News & Social Media","Text Data","Sentiment Score","F1 Score","Cloud","Batch","High","High","Days","No","High","HuggingFace","Supports investment insights"
8,Loan Default Prediction,Credit Risk,"Predicts likelihood of loan default","Classification","Decision Tree","Structured","Loan Applications","Income, Credit History, Loan Amount","Default Risk","Accuracy","Cloud","Batch","Medium","Medium","Hours","Yes","High","scikit-learn","Helps adjust interest rates"
9,Churn Prediction Model,Customer Retention,"Identifies customers likely to churn","Classification","XGBoost","Structured","Customer Usage Data","Usage Frequency, Support Calls","Churn Probability","AUC","Cloud","Batch","Medium","Medium","Hours","No","High","XGBoost","Enables proactive retention strategies"
10,AML Transaction Monitoring,Compliance,"Monitors transactions for AML risks","Anomaly Detection","Isolation Forest","Structured","Transaction Data","Transaction Patterns, Amounts","AML Alert","Precision","Cloud","Real-time","High","High","Hours","Yes","High","scikit-learn","Essential for regulatory compliance"
ModelID,ModelName,BusinessArea,Description,ModelType,Algorithm,DataType,DataSource,InputVariables,OutputPrediction,PerformanceMetric,Deployment,Frequency,Complexity,MaintenanceEffort,TrainingTime,Compliance,Scalability,Vendor,Comments
11,Interest Rate Forecasting Model,Treasury,"Forecasts future interest rates for risk management","Time Series Forecasting","ARIMA","Time Series","Central Bank Rates","Historical Rates, Economic Indicators","Future Rates","MAPE","Cloud","Daily","Medium","Medium","Hours","Yes","High","statsmodels","Assists in treasury management"
12,Operational Risk Assessment Model,Operations,"Evaluates operational risks across business processes","Risk Assessment","Bayesian Network","Structured","Internal Incident Reports","Process Complexity, Incident History","Risk Score","Log Loss","On-premise","Weekly","High","High","Days","Yes","Medium","PyMC3","Supports risk mitigation strategies"
13,Customer Lifetime Value Model,Marketing,"Predicts long-term value of customers","Survival Analysis","Cox Regression","Structured","CRM","Purchase History, Engagement Metrics","CLV","R-squared","Cloud","Batch","Medium","Medium","Hours","No","High","lifelines","Enables targeted retention"
14,Sentiment-Enhanced Trading Strategy,Trading,"Combines market sentiment with technical analysis for trade signals","Ensemble","Random Forest + NLP","Mixed","News API, Market Data Feeds","Price Trends, Sentiment Scores","Trade Signal","Sharpe Ratio","Cloud","Real-time","High","High","Days","Yes","High","scikit-learn","Integrates unstructured and structured data"
15,Cybersecurity Threat Detection Model,IT Security,"Detects network anomalies to prevent cyber threats","Anomaly Detection","One-Class SVM","Structured/Unstructured","Network Logs","Traffic Patterns, Login Attempts","Threat Score","AUC","On-premise","Real-time","High","High","Hours","Yes","Medium","scikit-learn","Enhances data protection"
16,Insurance Claim Severity Model,Insurance,"Estimates the severity of insurance claims","Regression","Generalized Linear Model","Structured","Claims Data","Claim Details, Customer Info","Claim Severity","MAE","Cloud","Batch","Medium","Medium","Hours","Yes","High","statsmodels","Aids in reserve setting"
17,Regulatory Reporting Automation Model,Compliance,"Automates preparation of regulatory reports","NLP & Automation","Rule-Based System with NLP","Unstructured","Regulatory Documents","Report Data, Compliance Rules","Compliance Report","Accuracy","On-premise","Batch","Medium","High","Days","Yes","Medium","Custom","Streamlines regulatory filings"
18,Expense Forecasting Model,Finance,"Forecasts future expenses for budgeting","Time Series Forecasting","Prophet","Time Series","Expense Records","Past Expenses, Seasonal Factors","Future Expenses","MAPE","Cloud","Monthly","Low","Low","Hours","No","High","Facebook Prophet","Supports budget planning"
19,ATM Cash Optimization Model,Operations,"Optimizes ATM cash levels based on withdrawal trends","Optimization","Linear Programming","Structured","ATM Transaction Data","Withdrawal Trends, Current Cash Levels","Optimal Cash Levels","Cost Savings","On-premise","Daily","Medium","Medium","Hours","Yes","Medium","PuLP","Improves cash management"
20,Capital Adequacy Analysis Model,Finance,"Analyzes capital requirements under stress scenarios","Stress Testing","Monte Carlo Simulation","Structured","Financial Statements","Economic Scenarios, Balance Sheet Data","Capital Buffer Requirements","Stress Test Outcome","Cloud","Quarterly","High","High","Days","Yes","High","MATLAB","Ensures regulatory compliance"
ModelID,ModelName,BusinessArea,Description,ModelType,Algorithm,DataType,DataSource,InputVariables,OutputPrediction,PerformanceMetric,Deployment,Frequency,Complexity,MaintenanceEffort,TrainingTime,Compliance,Scalability,Vendor,Comments
21,Wealth Management Recommendation Engine,Wealth Management,"Provides personalized investment recommendations for wealth management clients","Recommendation System","Collaborative Filtering","Structured","Client Portfolio & Market Data","Risk Tolerance, Investment History, Market Trends","Investment Recommendations","Precision/Recall","Cloud","Real-time","Medium","Medium","Hours","Yes","High","scikit-learn","Enhances personalized wealth strategies"
22,Loan Pre-approval Model,Credit Risk,"Automates pre-approval decisions using historical loan data","Classification","Support Vector Machine","Structured","Loan Application Database","Credit Score, Income, Loan Amount, Employment History","Approval Likelihood","Accuracy","Cloud","Real-time","Medium","Low","Hours","Yes","High","scikit-learn","Streamlines loan processing"
23,Liquidity Stress Testing Model,Risk Management,"Simulates liquidity stress scenarios to assess bank's resilience","Stress Testing","Monte Carlo Simulation","Structured","Liquidity Reports & Market Data","Cash Reserves, Funding Sources","Liquidity Ratio","Stress Test Outcome","On-premise","Quarterly","High","High","Days","Yes","Medium","MATLAB","Crucial for liquidity planning"
24,Market Microstructure Analysis Model,Trading,"Analyzes high-frequency trading data to understand market microstructure","Time Series Analysis","Hawkes Process","Time Series","High Frequency Trading Data","Trade Timestamps, Volumes","Order Flow Intensity","Log Likelihood","On-premise","Real-time","High","High","Days","Yes","Medium","Custom","Insights into order dynamics"
25,Derivative Pricing Model,Trading,"Calculates fair prices of derivatives using mathematical models","Pricing","Finite Difference Methods","Structured","Market Data & Historical Prices","Underlying Price, Volatility, Interest Rate","Derivative Price","Pricing Accuracy","Cloud","Real-time","High","High","Hours","Yes","High","Custom","Supports derivatives trading"
26,Customer Behavior Prediction Model,Customer Analytics,"Predicts customer behavior based on multi-channel interactions","Classification/Regression","Ensemble Methods","Mixed","CRM & Web Analytics","Browsing History, Purchase Patterns","Behavior Score","F1 Score / RMSE","Cloud","Real-time","Medium","Medium","Hours","No","High","scikit-learn","Optimizes cross-selling efforts"
27,Expense Reimbursement Fraud Detection Model,Operations,"Detects fraudulent expense reimbursements in corporate settings","Anomaly Detection","Autoencoder Neural Network","Structured","Expense Reports","Expense Amount, Date, Category","Fraud Risk Score","AUC","Cloud","Batch","High","High","Days","Yes","High","TensorFlow","Prevents internal fraud"
28,Vendor Risk Assessment Model,Procurement,"Assesses risk levels associated with external vendors","Risk Assessment","Decision Tree","Structured","Vendor Data","Vendor History, Financial Stability","Risk Level","Accuracy","Cloud","Monthly","Medium","Medium","Hours","Yes","Medium","scikit-learn","Improves vendor selection"
29,Market Anomaly Detection Model,Trading,"Identifies unusual market patterns indicating potential arbitrage","Anomaly Detection","Isolation Forest","Structured","Market Data","Price, Volume, Volatility","Anomaly Indicator","Precision","Cloud","Real-time","Medium","Medium","Hours","Yes","High","scikit-learn","Enhances market surveillance"
30,Credit Portfolio Optimization Model,Risk Management,"Optimizes credit portfolios by balancing risk and return","Optimization","Genetic Algorithm","Structured","Credit & Market Data","Credit Scores, Loan Amounts, Risk Weights","Optimized Portfolio","Sharpe Ratio","Cloud","Batch","High","High","Days","Yes","High","Custom","Enhances risk-adjusted returns"
ModelID,ModelName,BusinessArea,Description,ModelType,Algorithm,DataType,DataSource,InputVariables,OutputPrediction,PerformanceMetric,Deployment,Frequency,Complexity,MaintenanceEffort,TrainingTime,Compliance,Scalability,Vendor,Comments
31,Phishing Email Detection Model,IT Security,"Detects and classifies phishing emails using NLP","Classification","Naive Bayes","Unstructured","Email Logs","Email Text, Sender Information, URL Patterns","Phishing Risk","Precision","Cloud","Real-time","Medium","Medium","Minutes","Yes","High","scikit-learn","Enhances email security"
32,Regulatory Change Impact Analysis,Regulatory,"Assesses the impact of new regulatory changes on business operations","Impact Analysis","Rule-based System","Mixed","Legal Documents & Financial Data","Regulation Text, Financial Indicators","Impact Score","Accuracy","On-premise","Quarterly","High","High","Days","Yes","Medium","Custom","Supports compliance planning"
33,Investor Sentiment and Behavior Model,Marketing,"Analyzes investor sentiment across multiple channels","Sentiment Analysis","Transformer-based Model","Unstructured","Social Media & News","Investor Posts, News Articles, Market Data","Sentiment Score","F1 Score","Cloud","Batch","High","Medium","Hours","No","High","HuggingFace","Enhances investor engagement insights"
34,Automated Document Processing for Loan Applications,Operations,"Automates extraction of key data from loan documents","NLP & OCR","Conditional Random Fields","Unstructured","Document Repositories","Document Text, Metadata","Extracted Data Fields","Extraction Accuracy","Cloud","Batch","Medium","High","Hours","Yes","High","Custom","Speeds up loan processing"
35,Dynamic Pricing Model for Investment Products,Sales,"Optimizes pricing of investment products dynamically","Pricing","Reinforcement Learning","Structured","Market & Sales Data","Competitive Pricing, Demand, Historical Sales","Optimal Price","Revenue Increase","Cloud","Real-time","High","High","Days","Yes","High","TensorFlow","Maximizes profitability"
36,Real-time Market Liquidity Analyzer,Trading,"Analyzes market liquidity in real-time for trading decisions","Time Series Analysis","Kalman Filter","Time Series","Market Data Feeds","Bid-Ask Spreads, Trading Volume","Liquidity Indicator","RMSE","Cloud","Real-time","High","Medium","Minutes","Yes","High","Custom","Supports high-frequency trading"
37,Behavioral Finance Analysis Model,Research,"Studies investor behavior biases and trends","Exploratory Analysis","Clustering with Statistical Tests","Mixed","Survey & Transaction Data","Investor Demographics, Trading Patterns","Behavioral Trends","Statistical Significance","Cloud","Batch","Medium","Low","Hours","No","High","R/Python","Informs product design"
38,Automated Portfolio Rebalancing Model,Wealth Management,"Automatically rebalances client portfolios based on market changes","Optimization","Quadratic Programming","Structured","Portfolio & Market Data","Current Allocations, Market Trends","Rebalanced Weights","Sharpe Ratio","Cloud","Batch","Medium","Medium","Hours","Yes","High","CVXOPT","Improves risk-adjusted returns"
39,Digital Customer Onboarding Model,Customer Services,"Streamlines digital onboarding with integrated risk profiling","Classification","Logistic Regression","Structured","CRM & KYC Documents","Customer Info, Verification Data","Onboarding Risk Score","Accuracy","Cloud","Real-time","Low","Low","Minutes","Yes","High","scikit-learn","Enhances customer experience"
40,AI-powered Market Research Summarizer,Research,"Summarizes lengthy market research reports using AI","Text Summarization","Transformer-based Summarizer","Unstructured","Research Databases","Full Text Reports","Executive Summary","ROUGE Score","Cloud","Batch","High","Medium","Hours","No","High","HuggingFace","Accelerates decision-making"
ModelID,ModelName,BusinessArea,Description,ModelType,Algorithm,DataType,DataSource,InputVariables,OutputPrediction,PerformanceMetric,Deployment,Frequency,Complexity,MaintenanceEffort,TrainingTime,Compliance,Scalability,Vendor,Comments
41,Mobile Payment Fraud Detector,Digital Payments,"Detects fraudulent activities in mobile payment transactions","Anomaly Detection","Isolation Forest","Structured","Mobile Transaction Logs","Transaction Amount, Time, Location, Device Info","Fraud Risk Score","AUC","Cloud","Real-time","Medium","Medium","Hours","Yes","High","scikit-learn","Optimized for mobile payment platforms"
42,Robo-Advisor Compliance Checker,Compliance,"Automates compliance checks for robo-advisory services","Rule-based System","Decision Rules Engine","Structured","Robo-Advisor Logs & Regulatory Data","Investment Advice, Regulatory Guidelines, Client Profile","Compliance Flag","Accuracy","On-premise","Batch","High","High","Minutes","Yes","Medium","Custom","Ensures adherence to regulatory standards"
43,Expense Trend Forecasting Model,Finance,"Forecasts future expense trends for budgeting and planning","Time Series Forecasting","Prophet","Time Series","Expense Records","Past Expenses, Seasonality, Economic Indicators","Forecasted Expenses","MAPE","Cloud","Monthly","Low","Low","Hours","No","High","Facebook Prophet","Improves budgeting accuracy"
44,Credit Risk Heat Map,Credit Risk,"Visualizes credit risk across different customer segments","Visualization","Heat Map with Clustering","Structured","Credit Reports & Loan Data","Credit Scores, Loan Amounts, Demographics","Risk Levels","Visual Interpretability","Cloud","Batch","Medium","Low","Minutes","Yes","Medium","Tableau/Custom","Helps risk analysts identify problem areas"
45,Trade Execution Optimization Model,Trading,"Optimizes the timing and execution of trades","Optimization","Reinforcement Learning","Time Series","Market Data Feeds","Price, Volume, Order Book Data","Optimal Trade Execution Strategy","Sharpe Ratio","Cloud","Real-time","High","High","Days","Yes","High","TensorFlow","Aims to reduce transaction costs"
46,Smart Contract Audit Predictor,Blockchain,"Predicts vulnerabilities in smart contracts before deployment","Classification","Deep Neural Network","Unstructured","Smart Contract Repositories","Contract Code, Historical Vulnerabilities, Complexity Metrics","Audit Risk Score","F1 Score","Cloud","Batch","High","High","Days","Yes","Medium","PyTorch","Improves blockchain security"
47,Investor Portfolio Diversification Model,Wealth Management,"Suggests diversification strategies for investor portfolios","Optimization","Mean-Variance Optimization","Structured","Portfolio Data & Market Data","Asset Returns, Volatility, Correlations","Optimal Portfolio Diversification","Sharpe Ratio","Cloud","Batch","Medium","Medium","Hours","Yes","High","CVXOPT","Enhances long-term investment strategies"
48,Revenue Anomaly Detection Model,Finance,"Identifies irregularities in revenue streams to flag potential issues","Anomaly Detection","Autoencoder","Structured","Revenue Records","Daily Revenue, Historical Trends, Seasonality","Anomaly Indicator","Precision","Cloud","Daily","Medium","Medium","Hours","No","High","TensorFlow","Helps identify revenue discrepancies early"
49,Securities Lending Model,Trading,"Optimizes the lending of securities for short selling","Optimization","Linear Programming","Structured","Trading Data & Custodian Reports","Securities Inventory, Demand, Lending Rates","Optimal Lending Allocation","Cost Savings","On-premise","Daily","High","Medium","Hours","Yes","Medium","PuLP","Improves securities lending efficiency"
50,Blockchain Transaction Verifier,Blockchain,"Verifies the integrity of transactions on the blockchain network","Verification","Consensus-based Algorithm","Unstructured","Blockchain Ledger","Transaction Hash, Timestamp, Sender/Receiver","Verification Status","Accuracy","Cloud","Real-time","High","High","Minutes","Yes","High","Custom","Enhances trust in blockchain transactions"
ModelID,ModelName,BusinessArea,Description,ModelType,Algorithm,DataType,DataSource,InputVariables,OutputPrediction,PerformanceMetric,Deployment,Frequency,Complexity,MaintenanceEffort,TrainingTime,Compliance,Scalability,Vendor,Comments
51,Automated Financial Report Generator,Finance/Reporting,"Generates detailed financial reports from raw data using natural language synthesis",Generative AI,GPT-4,Unstructured/Text,"Financial Data & Internal Reports","Raw financial metrics, KPIs","Narrative Financial Report","ROUGE Score",Cloud,Monthly,High,Medium,Days,Yes,High,OpenAI,"Automates report creation and analysis"
52,Market Analysis Commentary Generator,Trading/Research,"Produces real-time market commentary by analyzing live data and news",Generative AI,GPT-4,Unstructured,"Market News & Financial Feeds","Market indicators, news headlines","Dynamic Market Commentary","Human Evaluation",Cloud,Real-time,High,High,Days,Yes,High,OpenAI,"Delivers timely insights for traders"
53,Risk Assessment Narrative Generator,Risk Management,"Creates comprehensive risk assessment narratives from quantitative inputs",Generative AI,GPT-4,Unstructured,"Risk Metrics & Historical Incidents","Risk scores, incident reports","Risk Analysis Narrative","BLEU Score",Cloud,Daily,Medium,Medium,Hours,Yes,High,Custom/OpenAI,"Assists risk teams with qualitative insights"
54,Client Investment Recommendation Generator,Wealth Management,"Provides personalized, natural language investment advice based on client data",Generative AI,GPT-4,Structured/Unstructured,"Client Portfolios & Market Data","Client risk profile, market trends","Investment Recommendation Narrative","Human Evaluation",Cloud,Real-time,High,Medium,Days,Yes,High,OpenAI,"Tailors advice using generative text synthesis"
55,Synthetic Data Generator for Credit Modeling,Credit Risk,"Generates synthetic credit data to augment training datasets",Generative AI,GAN (Generative Adversarial Network),Structured,"Historical Credit Records","Credit scores, demographics, loan details","Synthetic Credit Data","Statistical Similarity",On-premise,Batch,High,High,Days,Yes,Medium,Custom,"Boosts model training with augmented data"
56,Automated Compliance Documentation Generator,Compliance,"Generates regulatory filings and compliance documentation automatically",Generative AI,GPT-4,Unstructured,"Compliance Guidelines & Regulatory Docs","Regulatory texts, internal policies","Compliance Document","ROUGE Score",Cloud,Batch,Medium,Medium,Hours,Yes,High,OpenAI,"Streamlines regulatory reporting processes"
57,Generative Chatbot for Customer Support,Customer Service,"Offers intelligent, conversational responses for customer inquiries",Generative AI,GPT-4,Unstructured,"Customer Interaction Logs & FAQs","Customer queries, conversation history","Responsive Text Answer","Customer Satisfaction Score",Cloud,Real-time,High,High,Hours,Yes,High,OpenAI,"Enhances support with natural dialogue"
58,Automated Legal Contract Generator,Legal/Compliance,"Drafts legal contracts based on user inputs and pre-defined templates",Generative AI,GPT-4,Unstructured,"Contract Templates & Legal Databases","Contract type, key clauses","Draft Legal Contract","Human Evaluation",Cloud,On-demand,High,Medium,Hours,Yes,High,OpenAI,"Speeds up contract creation with compliance checks"
59,Generative Scenario Analysis for Stress Testing,Risk Management,"Generates diverse stress test scenarios to simulate adverse economic conditions",Generative AI,"GPT-4/VAE",Mixed,"Historical Stress Tests & Economic Data","Economic indicators, risk metrics","Stress Test Scenarios","Scenario Coverage",Cloud,Batch,High,High,Days,Yes,Medium,Custom/OpenAI,"Expands scenario planning for robust risk analysis"
60,Generative Investment Strategy Simulator,Trading/Wealth Management,"Simulates potential investment outcomes and strategies using generative sampling",Generative AI,"GPT-4 with Monte Carlo Sampling",Structured/Unstructured,"Historical Market & Portfolio Data","Market conditions, portfolio allocations","Simulated Investment Outcomes","Sharpe Ratio & Human Evaluation",Cloud,Batch,High,High,Days,Yes,High,OpenAI,"Assists in evaluating strategy performance"
61,Generative Audit Report Generator,Audit,"Automatically composes detailed audit reports from transaction data and logs",Generative AI,GPT-4,Unstructured,"Audit Logs & Financial Records","Transaction data, compliance metrics","Audit Narrative Report","ROUGE Score",Cloud,Monthly,High,Medium,Hours,Yes,High,OpenAI,"Enhances audit efficiency with automated reporting"
62,Generative Customer Journey Narratives,Marketing,"Crafts detailed narratives outlining customer interactions across channels",Generative AI,GPT-4,Unstructured,"CRM Data & Web Analytics","Customer interactions, behavior logs","Customer Journey Narrative","Human Evaluation",Cloud,Batch,Medium,Medium,Hours,No,High,OpenAI,"Enables deeper insights into customer experiences"
63,Generative Portfolio Commentary Engine,Wealth Management,"Produces narrative commentaries on portfolio performance for client updates",Generative AI,GPT-4,Unstructured,"Portfolio Data & Market Trends","Asset performance, market conditions","Portfolio Commentary","ROUGE Score",Cloud,Weekly,Medium,Medium,Hours,Yes,High,OpenAI,"Automates client communication and insights"
64,Generative Investment Research Summary,Research,"Summarizes lengthy investment research papers into concise reports",Generative AI,GPT-4,Unstructured,"Research Papers & Analysis Reports","Research text, key findings","Concise Research Summary","ROUGE Score",Cloud,Batch,High,Medium,Hours,No,High,OpenAI,"Accelerates comprehension of complex research"
65,Generative Expense Report Summarizer,Finance/Operations,"Generates concise summaries from detailed expense reports",Generative AI,GPT-4,Unstructured,"Expense Reports & Financial Records","Expense data, report metadata","Summary Narrative","ROUGE Score",Cloud,Monthly,Medium,Low,Hours,Yes,High,OpenAI,"Streamlines expense analysis and review"
66,Generative Marketing Campaign Content Creator,Marketing,"Creates creative and persuasive content for marketing campaigns",Generative AI,GPT-4,Unstructured,"Past Campaign Data & Social Trends","Campaign theme, target audience","Campaign Content","Human Evaluation",Cloud,On-demand,Medium,Low,Hours,No,High,OpenAI,"Boosts creative output for marketing teams"
67,Generative Risk Scenario Narratives,Risk Management,"Develops detailed narratives for hypothetical risk scenarios to aid planning",Generative AI,GPT-4,Unstructured,"Risk Data & Historical Incidents","Risk metrics, scenario parameters","Risk Scenario Narrative","BLEU Score",Cloud,Batch,High,Medium,Hours,Yes,High,OpenAI,"Supports strategic risk planning with generated narratives"
68,Generative Fraud Investigation Report,Fraud Detection,"Automatically composes investigation reports for flagged fraudulent activities",Generative AI,GPT-4,Unstructured,"Transaction Logs & Fraud Alerts","Fraud metrics, incident details","Investigation Report Narrative","ROUGE Score",Cloud,On-demand,High,Medium,Hours,Yes,High,OpenAI,"Improves efficiency in fraud investigations"
69,Generative Regulatory Change Summarizer,Compliance,"Summarizes regulatory updates and their business implications in natural language",Generative AI,GPT-4,Unstructured,"Regulatory Updates & Legal Docs","Regulation text, compliance guidelines","Regulatory Summary","ROUGE Score",Cloud,Daily,Medium,Low,Hours,Yes,High,OpenAI,"Keeps compliance teams up-to-date with changes"
70,Generative Strategic Planning Assistant,Executive/Strategy,"Generates strategic documents and executive summaries to aid in planning",Generative AI,GPT-4,Unstructured,"Internal Reports & Market Research","Strategic objectives, performance metrics","Strategic Plan Narrative","Human Evaluation",Cloud,Quarterly,High,Medium,Days,Yes,High,OpenAI,"Assists executives in crafting strategic documents"
71,Synthetic Financial Data Generator,Data Augmentation,"Generates realistic synthetic financial transaction data to augment training datasets",Generative AI,GAN,Structured,"Historical Transaction Data","Transaction Patterns, Customer Profiles","Synthetic Transaction Data","Statistical Similarity",Cloud,Batch,High,High,Days,Yes,High,Custom/GAN Framework,"Boosts model robustness with diverse data"
72,Synthetic Market Scenario Generator,Risk Management,"Produces visual simulations of market scenarios from historical trends",Generative AI,"VAE+GAN",Visual/Time Series,"Historical Market Data","Market Trends, Economic Indicators","Simulated Market Visuals","Visual Fidelity Score",Cloud,Batch,High,High,Days,Yes,High,Custom/VAE-GAN,"Aids scenario analysis for risk managers"
73,Synthetic Check Image Generator,Fraud Detection,"Creates synthetic check images to augment training for OCR and fraud detection",Generative AI,StyleGAN,Image,"Historical Check Images","Check Features, Signatures","Synthetic Check Images","FID (Image Quality)",Cloud,Batch,Medium,Medium,Days,Yes,High,NVIDIA StyleGAN,"Enhances OCR accuracy and fraud detection"
74,Voice Biometric Data Synthesizer,Security,"Generates synthetic voice samples to improve voice biometric authentication",Generative AI,WaveGAN,Audio,"Voice Sample Archives","Speaker Characteristics, Voice Features","Synthetic Voice Recordings","Mean Opinion Score",Cloud,On-demand,High,Medium,Days,Yes,High,Custom/WaveGAN,"Diversifies voice biometrics training data"
75,3D Financial Product Visualizer,Marketing,"Generates interactive 3D visualizations of complex financial products",Generative AI,3D GAN,3D Model,"Product Specifications & CAD Data","Product Dimensions, Feature Set","3D Visualizations","Visual Accuracy",Cloud,On-demand,High,Medium,Hours,Yes,Medium,Custom/3DGAN,"Enhances immersive product presentations"
76,Generative UI Layout Designer,Customer Experience,"Creates optimized UI layouts for financial dashboards based on design patterns",Generative AI,Variational Autoencoder,Image/Layout,"User Interaction Data, UI Archives","User Preferences, Design Patterns","UI Layout Mockups","User Engagement Score",Cloud,On-demand,Medium,Low,Hours,Yes,High,Custom/VAE,"Improves dashboard design efficiency"
77,Synthetic Option Pricing Surface Generator,Trading,"Generates 3D surfaces representing option pricing dynamics for risk analysis",Generative AI,GAN,3D Model,"Historical Options Data","Underlying Price, Volatility, Maturity","3D Option Pricing Surface","Visual Accuracy, RMSE",Cloud,Batch,High,High,Days,Yes,Medium,Custom/GAN,"Facilitates visualization of complex derivative pricing"
78,Synthetic Customer Behavior Heatmap Generator,Customer Analytics,"Creates heatmaps visualizing customer transaction patterns for segmentation",Generative AI,Conditional GAN,Image/Heatmap,"Customer Transaction Data","Purchase Frequency, Transaction Amount","Behavior Heatmaps","FID (Image Quality)",Cloud,Batch,Medium,Low,Hours,Yes,High,Custom/cGAN,"Provides intuitive visual segmentation tools"
79,Synthetic Risk Factor Distribution Generator,Risk Management,"Generates synthetic visualizations of risk factor distributions for stress testing",Generative AI,Variational Autoencoder,Graph/Chart,"Historical Risk Metrics","Risk Scores, Economic Indicators","Risk Distribution Graphs","Graph Similarity Score",Cloud,Batch,Medium,Medium,Hours,Yes,High,Custom/VAE,"Enhances visual risk analysis with synthetic distributions"
80,Synthetic ATM Foot Traffic Video Generator,Operations,"Generates video simulations of ATM foot traffic to optimize branch operations",Generative AI,Video GAN,Video,"Historical Branch & ATM Data","Foot Traffic Data, Time, Location","Synthetic Foot Traffic Videos","Video Quality Score (MOS)",Cloud,Batch,High,High,Days,Yes,Medium,Custom/VideoGAN,"Assists in optimizing branch layouts and ATM placements"
ModelID,ModelName,BusinessArea,Description,ModelType,Algorithm,DataType,DataSource,InputVariables,OutputPrediction,PerformanceMetric,Deployment,Frequency,Complexity,MaintenanceEffort,TrainingTime,Compliance,Scalability,Vendor,Comments
81,Quantum Risk Analysis Engine,Risk Management,"Uses quantum computing to simulate complex risk scenarios and asset correlations in real time","Quantum Risk Model","Quantum Monte Carlo","Structured/Unstructured","Global Financial Feeds, Quantum Sensors","Market data, asset correlations, volatility","Risk distributions","Quantum Speedup Factor","Hybrid Cloud","Real-time","Very High","High","Weeks","Yes","Very High","IBM Quantum/Custom","Pioneers quantum techniques for advanced risk management"
82,Decentralized Autonomous Financial Regulator,Compliance,"Leverages blockchain and smart contracts to autonomously monitor and enforce global financial regulations","Decentralized AI Regulator","Reinforcement Learning with Blockchain Consensus","Structured/Unstructured","Regulatory Databases, Blockchain Ledgers","Regulatory data, transaction logs","Compliance alerts, automated sanctions","Regulatory Accuracy","Cloud","Real-time","Very High","High","Days","Yes","High","Custom","Automates oversight in decentralized finance environments"
83,Real-time Global Tax Optimization Model,Tax/Finance,"Optimizes tax strategies across multiple jurisdictions in real time using federated learning","Optimization Model","Federated Gradient Descent","Structured","Global Tax Databases, Corporate Filings","Financials, tax rates, regulations","Optimal tax strategy","Tax Savings","Hybrid Cloud","Real-time","High","Medium","Hours","Yes","High","SAP/Custom","Adapts rapidly to changing international tax laws"
84,Climate Risk and Sustainability Integration Model,Risk/ESG,"Integrates climate change scenarios with financial risk to support sustainable investments","Integrated Risk Model","Hybrid Simulation & Neural Networks","Mixed","Climate Models, Financial Data","Emission levels, asset exposure","Climate-adjusted risk score","ESG Impact Score","Cloud","Monthly","High","Medium","Days","Yes","Medium","Custom/Environmental AI","Bridges environmental science with financial risk analysis"
85,AI-driven ESG Portfolio Constructor,Wealth Management/ESG,"Generates optimized portfolios balancing returns with environmental, social, and governance scores","Optimization/Generative Model","Evolutionary Algorithms & Deep RL","Structured","ESG Databases, Market Data","Asset returns, ESG scores, risk metrics","Optimized ESG portfolio","ESG Score Improvement","Cloud","Quarterly","High","Medium","Days","Yes","High","Custom","Integrates sustainability deeply into portfolio construction"
86,Digital Asset Liquidity Aggregator,Trading,"Aggregates liquidity data from decentralized digital asset markets for enhanced trading efficiency","Aggregation & Optimization Model","Graph Neural Networks","Structured/Unstructured","Blockchain Exchanges, Market Feeds","Trade volumes, order book data","Liquidity maps","Liquidity Coverage Ratio","Cloud","Real-time","High","High","Hours","Yes","High","Custom/Blockchain AI","Improves trading through comprehensive liquidity insights"
87,Blockchain-based Regulatory Compliance Automator,Compliance,"Automates compliance checks on blockchain transactions via smart contract analysis","Automated Compliance Model","Rule-based AI with Blockchain Integration","Structured/Unstructured","Blockchain Ledgers, Regulatory Texts","Transaction data, compliance rules","Automated compliance verdict","Compliance Rate","Cloud","Real-time","High","Medium","Hours","Yes","High","Custom","Streamlines regulatory oversight for decentralized systems"
88,Cross-Border Payment Optimization with Quantum Security,Payments,"Optimizes international payment routes using quantum-safe encryption and AI optimization","Optimization/Encryption Model","Quantum-safe Cryptography with RL","Structured","Global Payment Networks","Transaction routes, currency data","Optimized payment routes","Transaction Efficiency","Hybrid Cloud","Real-time","Very High","High","Days","Yes","Very High","Custom/Quantum","Ensures secure and efficient cross-border transactions"
89,Adaptive Economic Policy Simulator,Government/Policy,"Simulates the impacts of economic policies using adaptive agent-based models to guide decisions","Simulation Model","Agent-based Modeling & Reinforcement Learning","Mixed","Economic Indicators, Policy Databases","GDP, unemployment, policy variables","Policy impact forecasts","Prediction Accuracy","Cloud","Quarterly","High","High","Days","Yes","Medium","Custom","Supports policymakers with dynamic, real-time simulations"
90,Generative Synthetic Cybersecurity Defense Model,IT Security,"Generates synthetic cyberattack scenarios and corresponding defense strategies to fortify systems","Generative AI Model","GAN-based Attack Simulation","Unstructured","Cybersecurity Incident Databases","Attack patterns, network logs","Simulated attack/defense scenarios","Detection Rate","Cloud","Real-time","High","High","Days","Yes","High","Custom/AI Security","Continuously evolves defenses using synthetic threat data"
91,Personalized Wealth Growth Architect,Wealth Management,"Creates hyper-personalized wealth strategies by integrating biometrics, behavioral insights, and market data","Recommendation/Optimization Model","Deep Neural Networks with Multi-modal Fusion","Mixed","Financial Data, Wearables, Behavioral Analytics","Spending habits, health metrics, market trends","Personalized wealth plan","Client Satisfaction Score","Cloud","Real-time","Very High","High","Days","Yes","High","Custom","Tailors advice using holistic, multi-modal inputs"
92,Augmented Reality Financial Advisory,Customer Experience,"Provides immersive, AR-driven financial advisory experiences with interactive portfolio visualization","Visualization/Interactive Model","3D Rendering with AI-enhanced Analytics","Mixed","Portfolio Data, Market Data","Asset performance, market trends","Interactive AR visualizations","User Engagement","Edge/Cloud","On-demand","High","Medium","Hours","Yes","High","Custom/AR Solutions","Transforms traditional advisory with immersive technology"
93,Predictive Blockchain Fraud Monitor,Fraud Detection,"Predicts fraudulent activities on blockchain networks by analyzing transaction patterns and network anomalies","Anomaly Detection Model","Graph Convolutional Networks","Structured","Blockchain Ledgers, Transaction Logs","Transaction volume, network patterns","Fraud risk score","Precision/Recall","Cloud","Real-time","High","Medium","Hours","Yes","High","Custom","Enhances fraud detection in decentralized finance"
94,Hyper-Personalized Investment Behavior Model,Wealth Management,"Utilizes behavioral economics and AI to forecast individual investment decisions with unprecedented granularity","Predictive Analytics Model","Ensemble Methods with Behavioral AI","Mixed","CRM, Trading Data, Social Media","Trading history, sentiment, demographics","Investment propensity score","AUC","Cloud","Real-time","High","Medium","Hours","Yes","High","Custom","Captures nuanced investor behavior for tailored strategies"
95,Digital Twin Bank Simulator,Operations,"Creates a digital replica of an entire bank to simulate operations, risks, and customer experiences in real time","Simulation/Optimization Model","Multi-Agent Simulation & Digital Twin","Mixed","Internal Systems, Customer Data","Operational metrics, transaction data","Operational efficiency insights","Simulation Accuracy","Cloud","Real-time","Very High","High","Days","Yes","Very High","Custom","Revolutionizes strategy with a live operational twin"
96,Sentiment-Driven Market Microstructure Analyzer,Research,"Analyzes real-time market microstructure by fusing transaction data with sentiment from diverse channels","Analytical Model","Hybrid Sentiment-Graph Models","Mixed","Social Media, Market Feeds","Trade data, sentiment scores","Market microstructure shifts","Market Impact Score","Cloud","Real-time","High","Medium","Hours","Yes","High","Custom","Integrates behavioral signals with market dynamics"
97,Ethical AI Governance and Bias Monitor,Compliance/HR,"Monitors enterprise AI systems for ethical behavior and bias to ensure fair decision-making across all platforms","Monitoring/Classification Model","Explainable AI & Bias Detection Algorithms","Mixed","Internal AI Outputs, HR Data","Model outputs, decision logs","Bias and fairness score","Bias Detection Accuracy","Cloud","Real-time","Medium","Medium","Hours","Yes","High","Custom/Explainable AI","Safeguards ethical AI practices organization-wide"
98,AI-Enhanced Financial Ecosystem Monitor,Market Surveillance,"Provides a holistic view of global financial system dynamics using deep learning and network analysis","Monitoring/Analytics Model","Deep Learning with Network Analysis","Mixed","Global Financial Systems, Transaction Networks","Interbank data, transaction flows","Systemic risk alerts","Systemic Risk Index","Cloud","Real-time","High","High","Days","Yes","Very High","Custom","Critical for monitoring systemic interdependencies"
99,Neurofinance Decision Support System,Wealth Management/Research,"Integrates neuroscience with financial data to enhance investment decisions using neuroadaptive algorithms","Predictive/Recommendation Model","Neural Networks with BCI Data Fusion","Mixed","Investor Biometrics, Market Data","Brain signals, market trends","Investment decision support","Decision Accuracy","Cloud","Real-time","Very High","High","Days","Yes","Medium","Custom","Merges neurodata with market insights for improved decisions"
100,Edge-Computing-based Financial Data Aggregator,Data Management,"Aggregates and analyzes financial data at the network edge for instant, localized insights","Aggregation/Analytics Model","Federated Learning & Edge AI","Structured/Unstructured","IoT Devices, ATMs, Mobile Sensors","Local transaction data, sensor readings","Aggregated financial insights","Aggregation Latency","Edge/Cloud","Real-time","High","Medium","Hours","Yes","Very High","Custom/Edge AI","Enables rapid decision-making with distributed data processing"
